recommendation_id,device_id,device_code,device_name,device_line,device_location,generated_at,applied_at,evaluated_at,history_state,observation_window_minutes,actual_effect_evaluated,insufficient_data,problem_type,expected_effect,risk_level,confidence,requires_confirmation,baseline_kp,baseline_ki,baseline_kd,recommended_kp,recommended_ki,recommended_kd,delta_kp,delta_ki,delta_kd,mean_error,mean_abs_error,error_std,temp_swing,pwm_mean,pwm_max,zero_crossings,in_band_ratio,overshoot_pct,settling_sec,saturation_ratio,rule_saturation_limited,rule_overshoot_high,rule_slow_response,rule_steady_state_error,rule_oscillation,preview_in_band_ratio,preview_overshoot_c,preview_settling_sec,preview_mean_abs_error,preview_saturation_ratio,preview_temp_swing,preview_source,actual_point_count,actual_observed_window_start,actual_observed_window_end,actual_in_band_ratio,actual_overshoot_c,actual_settling_sec,actual_mean_abs_error,actual_saturation_ratio,actual_temp_swing,before_in_band_ratio_delta,before_overshoot_c_delta,before_settling_sec_delta,before_mean_abs_error_delta,before_saturation_ratio_delta,before_temp_swing_delta,preview_gap_in_band_ratio,preview_gap_overshoot_c,preview_gap_settling_sec,preview_gap_mean_abs_error,preview_gap_saturation_ratio,preview_gap_temp_swing,effect_outcome,evaluation_status,preview_gap_level,feedback_usable_for_training
587,180,DEFREPLAY-OSC-01,Defense Oscillation Cell,Defense Line,High Inertia Loop,2026-05-15 17:10:13.000,2026-05-15 17:17:13,2026-05-15 18:16:43,applied,60,True,False,oscillation,reduce_oscillation,High,0.88,True,4.0,0.72,0.02,3.52,0.648,0.03,-0.48,-0.072,0.01,-0.1431,2.0161,2.5133,9.7347,45.3605,100.0,5,0.13,13.3341,,0.16,False,False,False,False,True,0.0,32.406015,,8.371203,0.0,26.478667,,120,2026-05-15 14:17:13,2026-05-15 15:16:43,0.058333,5.8311,,3.272679,0.308333,11.0638,-0.071667,-0.8975,0.0,-1.256539,-0.031667,-1.3291,0.058333,26.574915,0.0,5.098524,-0.191667,15.414867,improved,completed,high,True
588,181,DEFREPLAY-OVS-01,Defense Overshoot Cell,Defense Line,Fast Heater,2026-05-15 17:12:13.000,2026-05-15 17:19:13,2026-05-15 18:18:43,applied,60,True,False,overshoot_high,reduce_overshoot,High,0.86,True,3.8,0.66,0.02,3.42,0.6072,0.03,-0.38,-0.0528,0.01,0.4704,1.7248,1.9757,7.1934,34.2652,79.0261,15,0.16,12.083,,0.0,False,True,False,False,False,0.291667,6.490644,,1.379989,0.0,7.466783,,120,2026-05-15 14:19:13,2026-05-15 15:18:43,0.333333,3.2725,3240.0,0.945422,0.0,5.6188,0.173333,1.1378,-3240.0,0.779335,0.0,1.5746,0.041666,3.218144,-3240.0,0.434567,0.0,1.847983,worse,completed,high,True
590,183,DEFREPLAY-SSE-01,Defense Steady-State Error,Defense Line,Heat Loss Drift,2026-05-15 17:16:13.000,2026-05-15 17:23:13,2026-05-15 18:22:43,applied,60,True,False,steady_state_error,reduce_steady_state_error,Medium,0.82,True,2.2,0.16,0.07,2.2,0.184,0.07,0.0,0.024,0.0,-2.6795,2.6795,0.6032,1.7193,88.6271,90.0,0,0.0,0.0,,0.93,False,False,False,True,False,0.475,5.623609,,0.686027,0.0,6.49286,,120,2026-05-15 14:23:13,2026-05-15 15:22:43,0.0,0.0,,2.387874,1.0,2.049,0.0,0.0,0.0,0.291639,-0.07,-0.3297,-0.475,5.623609,0.0,-1.701847,-1.0,4.44386,improved,completed,high,True
593,187,DEFVERIFY-OSC-01,Defense Oscillation Cell,Defense Line,High Inertia Loop,2026-05-15 17:24:00.000,2026-05-15 17:31:00,2026-05-15 18:30:45,applied,60,True,False,oscillation,reduce_oscillation,High,0.88,True,4.0,0.72,0.02,3.52,0.648,0.03,-0.48,-0.072,0.01,-0.0165,1.3869,1.8224,8.5211,46.7136,100.0,16,0.2528,11.9038,225.0,0.1,False,False,False,False,True,0.244444,8.667493,,1.666879,0.0,10.089323,,240,2026-05-15 14:31:00,2026-05-15 15:30:45,0.3375,4.7963,3045.0,1.194265,0.029167,8.6589,0.084722,-0.3919,-2400.0,0.192635,0.1,-0.1378,0.093056,3.871193,-2625.0,0.472614,0.0,1.430423,improved,completed,high,True
594,188,DEFVERIFY-OVS-01,Defense Overshoot Cell,Defense Line,Fast Heater,2026-05-15 17:26:00.000,2026-05-15 17:33:00,2026-05-15 18:32:45,applied,60,True,False,overshoot_high,reduce_overshoot,High,0.86,True,3.8,0.66,0.02,3.42,0.6072,0.03,-0.38,-0.0528,0.01,0.0443,0.098,0.1825,1.7017,33.5762,49.6128,53,0.975,3.3101,195.0,0.0,False,True,False,False,False,0.3,8.335253,3590.0,1.455218,0.0,9.793603,,240,2026-05-15 14:33:00,2026-05-15 15:32:45,1.0,0.1977,0.0,0.064922,0.0,0.4978,0.025,1.0105,195.0,0.033097,0.0,1.2039,0.7,8.137553,3590.0,1.390296,0.0,9.295803,worse,completed,high,True
596,190,DEFVERIFY-SSE-01,Defense Steady-State Error,Defense Line,Heat Loss Drift,2026-05-15 17:30:00.000,2026-05-15 17:37:00,2026-05-15 18:36:45,applied,60,True,False,steady_state_error,reduce_steady_state_error,Medium,0.82,True,2.2,0.16,0.07,2.2,0.184,0.07,0.0,0.024,0.0,-2.5907,2.5907,0.6729,2.1669,89.2475,90.0,0,0.0,0.0,,0.9667,False,False,False,True,False,0.458333,4.950456,3590.0,0.685851,0.0,5.858557,,240,2026-05-15 14:37:00,2026-05-15 15:36:45,0.0,0.0,,2.355421,1.0,2.2082,0.0,0.0,0.0,0.235248,-0.033333,-0.0413,-0.458333,4.950456,3590.0,-1.66957,-1.0,3.650357,improved,completed,high,True
907,496,DEF-105,Defense Post Apply Success,Defense Demo,post_apply_success,2026-05-17 16:23:01.165,2026-05-17 16:23:31,2026-05-17 16:53:01,applied,30,True,False,steady_state_error,reduce_steady_state_error,Low,0.82,True,2.2,0.25,0.06,2.258,0.328,0.0565,0.058,0.078,-0.0035,1.69,1.69,1.4437,5.2249,67.2833,98.0,0,0.2333,0.0,1380.0,0.2833,False,False,False,True,False,0.683333,0.0,570.0,0.55598,0.1,3.1541,seed_defense_demo_data,60,2026-05-17 16:23:31,2026-05-17 16:53:01,0.683333,0.0,570.0,0.559723,0.116667,3.1732,0.45,0.0,810.0,1.130284,0.266666,2.0517,0.0,0.0,0.0,-0.003743,-0.016667,-0.0191,worse,completed,low,True
908,497,DEF-106,Defense Preview Mismatch,Defense Demo,preview_mismatch,2026-05-17 16:25:01.165,2026-05-17 16:25:31,2026-05-17 16:55:01,applied,30,True,False,steady_state_error,reduce_steady_state_error,Medium,0.82,True,2.25,0.27,0.06,2.308,0.361,0.0565,0.058,0.091,-0.0035,1.2934,1.2934,0.7124,2.5045,63.8667,98.0,0,0.05,0.0,,0.1,False,False,False,True,False,0.683333,0.0,570.0,0.572667,0.133333,3.1759,seed_defense_demo_data,60,2026-05-17 16:25:31,2026-05-17 16:55:01,0.05,0.0,1710.0,1.425857,1.0,2.7315,0.0,0.0,0.0,-0.132504,-0.7,-0.227,-0.633333,0.0,-1140.0,-0.85319,-0.866667,0.4444,improved,completed,high,True
916,505,DEF-114,Defense Post Apply Partial,Defense Demo,post_apply_partial,2026-05-17 16:41:01.165,2026-05-17 16:41:31,2026-05-17 17:11:01,applied,30,True,False,slow_response,speed_up_response,Medium,0.82,True,2.2,0.31,0.06,2.5379,0.3368,0.0567,0.3379,0.0268,-0.0033,2.6877,2.6877,0.6158,1.9523,70.0167,78.0,0,0.0,0.0,,0.0,False,False,True,False,False,0.65,0.0026,630.0,0.603647,0.133333,3.0805,seed_defense_demo_data,60,2026-05-17 16:41:31,2026-05-17 17:11:01,0.0,0.0,,1.881987,0.566667,1.7368,0.0,0.0,,0.805665,-0.083334,0.2155,-0.65,0.0026,,-1.27834,-0.433334,1.3437,worse,completed,high,True
